[{"__type__":"cc.SpriteFrame","content":{"name":"sheep_jump_01","texture":"34RXq/l55HPZJlrVox61Hf","rect":[33,5,143,150],"offset":[-9.5,-0.5],"originalSize":[228,159]}},{"__type__":"cc.SpriteFrame","content":{"name":"sheep_jump_02","texture":"36AnhUiGxCC6iiAawim/so","rect":[24,12,154,131],"offset":[-13,2],"originalSize":[228,159]}},{"__type__":"cc.SpriteFrame","content":{"name":"sheep_jump_02","texture":"c2ExdQNrNOz5U24IqLuuO4","rect":[735,327,156,133],"offset":[-13,2],"originalSize":[228,159],"rotated":1}},{"__type__":"cc.AnimationClip","_name":"Jump","_duration":0.6,"sample":10,"curveData":{"comps":{"cc.Sprite":{"spriteFrame":[{"frame":0,"value":{"__uuid__":"38swkBS7RPIKpdBh/CMXrJ"}},{"frame":0.1,"value":{"__uuid__":"28vPt2xgpHFaPwjOWWC0B9"}},{"frame":0.3,"value":{"__uuid__":"6ckeFxKShMIo5TibRLb9v0"}},{"frame":0.5,"value":{"__uuid__":"982fvcBJJAlZ86Km7Hnavw"}}]}}}},{"__type__":"cc.SpriteFrame","content":{"name":"sheep_jump_03","texture":"c2ExdQNrNOz5U24IqLuuO4","rect":[626,340,162,107],"offset":[-10,4],"originalSize":[228,159],"rotated":1}}]