[{"__type__":"cc.SpriteFrame","content":{"name":"sheep_run_02","texture":"c2ExdQNrNOz5U24IqLuuO4","rect":[463,1,178,117],"offset":[1,2],"originalSize":[228,159],"rotated":1}},{"__type__":"cc.SpriteFrame","content":{"name":"fx_fog04","texture":"c2ExdQNrNOz5U24IqLuuO4","rect":[592,171,167,111],"offset":[-15,6],"originalSize":[341,161],"rotated":1}},{"__type__":"cc.SpriteFrame","content":{"name":"bird0_0","texture":"c2ExdQNrNOz5U24IqLuuO4","rect":[106,398,36,26],"offset":[-1,-1],"originalSize":[48,48]}},{"__type__":"cc.SpriteFrame","content":{"name":"sheep_run_03","texture":"c2ExdQNrNOz5U24IqLuuO4","rect":[344,1,180,117],"offset":[1,11],"originalSize":[228,159],"rotated":1}},{"__type__":"cc.SpriteFrame","content":{"name":"sheep_run_01","texture":"c2ExdQNrNOz5U24IqLuuO4","rect":[475,181,170,115],"offset":[-4,0],"originalSize":[228,159],"rotated":1}},{"__type__":"cc.SpriteFrame","content":{"name":"sheep_jump_04","texture":"c2ExdQNrNOz5U24IqLuuO4","rect":[784,168,154,117],"offset":[-12,-2],"originalSize":[228,159],"rotated":1}},{"__type__":"cc.SpriteFrame","content":{"name":"bird2_2","texture":"c2ExdQNrNOz5U24IqLuuO4","rect":[931,282,36,26],"offset":[-1,0],"originalSize":[48,48],"rotated":1}},{"__type__":"cc.SpriteFrame","content":{"name":"sheep_down_03","texture":"c2ExdQNrNOz5U24IqLuuO4","rect":[582,1,168,107],"offset":[-7,-3],"originalSize":[228,159],"rotated":1}},{"__type__":"cc.SpriteFrame","content":{"name":"fx_fog02","texture":"c2ExdQNrNOz5U24IqLuuO4","rect":[1,229,223,103],"offset":[21,2],"originalSize":[341,161],"rotated":1}},{"__type__":"cc.SpriteFrame","content":{"name":"fx_fog06","texture":"c2ExdQNrNOz5U24IqLuuO4","rect":[273,187,183,83],"offset":[24,8],"originalSize":[341,161],"rotated":1}},{"__type__":"cc.SpriteFrame","content":{"name":"fx_fog05","texture":"c2ExdQNrNOz5U24IqLuuO4","rect":[92,1,207,99],"offset":[-7,7],"originalSize":[341,161],"rotated":1}},{"__type__":"cc.SpriteFrame","content":{"name":"sheep_down_01","texture":"c2ExdQNrNOz5U24IqLuuO4","rect":[1,1,226,89],"offset":[0,-25],"originalSize":[228,159],"rotated":1}},{"__type__":"cc.SpriteFrame","content":{"name":"bird2_0","texture":"c2ExdQNrNOz5U24IqLuuO4","rect":[903,282,36,26],"offset":[-1,0],"originalSize":[48,48],"rotated":1}},{"__type__":"cc.SpriteFrame","content":{"name":"sheep_jump_02","texture":"c2ExdQNrNOz5U24IqLuuO4","rect":[735,327,156,133],"offset":[-13,2],"originalSize":[228,159],"rotated":1}},{"__type__":"cc.SpriteFrame","content":{"name":"sheep_down_02","texture":"c2ExdQNrNOz5U24IqLuuO4","rect":[149,398,154,105],"offset":[-6,-8],"originalSize":[228,159]}},{"__type__":"cc.SpriteFrame","content":{"name":"fx_hit02","texture":"c2ExdQNrNOz5U24IqLuuO4","rect":[193,1,149,184],"offset":[-8,1],"originalSize":[215,186]}},{"__type__":"cc.SpriteFrame","content":{"name":"black","texture":"c2ExdQNrNOz5U24IqLuuO4","rect":[92,210,3,3],"offset":[-14,14],"originalSize":[32,32]}},{"__type__":"cc.SpriteFrame","content":{"name":"sheep_jump_03","texture":"c2ExdQNrNOz5U24IqLuuO4","rect":[626,340,162,107],"offset":[-10,4],"originalSize":[228,159],"rotated":1}},{"__type__":"cc.SpriteFrame","content":{"name":"sheep_jump_01","texture":"c2ExdQNrNOz5U24IqLuuO4","rect":[870,1,146,153],"offset":[-10,0],"originalSize":[228,159]}},{"__type__":"cc.SpriteFrame","content":{"name":"bird2_1","texture":"c2ExdQNrNOz5U24IqLuuO4","rect":[931,244,36,26],"offset":[-1,-1],"originalSize":[48,48],"rotated":1}},{"__type__":"cc.SpriteFrame","content":{"name":"fx_downfog03","texture":"c2ExdQNrNOz5U24IqLuuO4","rect":[792,1,150,58],"offset":[-1,3],"originalSize":[196,102],"rotated":1}},{"__type__":"cc.SpriteFrame","content":{"name":"sheep_run_04","texture":"c2ExdQNrNOz5U24IqLuuO4","rect":[358,183,180,115],"offset":[2,1],"originalSize":[228,159],"rotated":1}},{"__type__":"cc.SpriteFrame","content":{"name":"fx_fog01","texture":"c2ExdQNrNOz5U24IqLuuO4","rect":[705,168,157,77],"offset":[-11,-10],"originalSize":[341,161],"rotated":1}},{"__type__":"cc.SpriteFrame","content":{"name":"sheep_jump_05","texture":"c2ExdQNrNOz5U24IqLuuO4","rect":[483,353,150,141],"offset":[-12,-2],"originalSize":[228,159],"rotated":1}},{"__type__":"cc.SpriteFrame","content":{"name":"bird0_2","texture":"c2ExdQNrNOz5U24IqLuuO4","rect":[903,244,36,26],"offset":[-1,-1],"originalSize":[48,48],"rotated":1}},{"__type__":"cc.SpriteAtlas","_name":"actors.plist","_spriteFrames":{"bird0_0":{"__uuid__":"22HPzeYHdIvrkDbbJuPG6r"},"bird0_1":{"__uuid__":"d4Idb7C9dEzp6i0cMRYEnI"},"bird0_2":{"__uuid__":"b3IULj+u5Nw6e0qowOHG/j"},"bird2_0":{"__uuid__":"5bgox3R35A0J5X9OI2K5x1"},"bird2_1":{"__uuid__":"a0UGDGS+hALamcos+FEQUC"},"bird2_2":{"__uuid__":"2c3bYfrvhPOLJ3lntnLwgL"},"black":{"__uuid__":"96rfjyzwdNH6TCyzFDc+6a"},"fx_downfog01":{"__uuid__":"dcVRA8Z0ZD6rBgM3WFWT1n"},"fx_downfog02":{"__uuid__":"caymCOKPZI7Y5FZp8wc4uA"},"fx_downfog03":{"__uuid__":"a0y2V/53RJH60NBOzJScW5"},"fx_downfog04":{"__uuid__":"f7a6ZztXRAhIW8cDhznlKx"},"fx_downfog05":{"__uuid__":"fcWlWNCmRCxoxRCLFqWWuK"},"fx_fog01":{"__uuid__":"a5CK/8UGJKT40Jrf2L20Ps"},"fx_fog02":{"__uuid__":"3bAQEAn4tP8ZGLS6pTBQTr"},"fx_fog03":{"__uuid__":"bfaN8JS7ZH567+jp0TCP7x"},"fx_fog04":{"__uuid__":"18NHeRP3RJ6qMSONAtTVed"},"fx_fog05":{"__uuid__":"58KHwHUrVCtJX2MJ443/a1"},"fx_fog06":{"__uuid__":"3fyP2fnApJV5VYPvqpqKES"},"fx_hit01":{"__uuid__":"e8daVyAoZOXpvqKjJWztLV"},"fx_hit02":{"__uuid__":"91fnf6HI9OzafP+n/Q7Vys"},"fx_hit03":{"__uuid__":"fdPaMGZjtO7qu+ngvwS2Cx"},"sheep_down_01":{"__uuid__":"58jMKqkqtEVJ/5fFc4mYbb"},"sheep_down_02":{"__uuid__":"8dOSzdjCVKMrrd6JtfNcPU"},"sheep_down_03":{"__uuid__":"34c06QXe1Hhr1Sx6E6+uL4"},"sheep_jump_01":{"__uuid__":"9f5NshsAFNW72RaBkixkDF"},"sheep_jump_02":{"__uuid__":"6ckeFxKShMIo5TibRLb9v0"},"sheep_jump_03":{"__uuid__":"982fvcBJJAlZ86Km7Hnavw"},"sheep_jump_04":{"__uuid__":"27B/u7rhRJeKYAxawNGfJ2"},"sheep_jump_05":{"__uuid__":"a9i08p1vxHP5Jn2EJMde38"},"sheep_run_01":{"__uuid__":"26z6P1WZVIbYQbRW3zjdum"},"sheep_run_02":{"__uuid__":"04dI6MYAZGtI2aJz75yMSK"},"sheep_run_03":{"__uuid__":"23I4GHkldB5ajCs9Atqo1q"},"sheep_run_04":{"__uuid__":"a3yO363qlB9K8n39JLzx3A"},"sheep_touch_01":{"__uuid__":"dd74KbnA1F76MqFZOP60QE"}}},{"__type__":"cc.SpriteFrame","content":{"name":"fx_fog03","texture":"c2ExdQNrNOz5U24IqLuuO4","rect":[691,1,165,99],"offset":[-17,-3],"originalSize":[341,161],"rotated":1}},{"__type__":"cc.SpriteFrame","content":{"name":"fx_downfog02","texture":"c2ExdQNrNOz5U24IqLuuO4","rect":[870,324,144,62],"offset":[-2,-1],"originalSize":[196,102]}},{"__type__":"cc.SpriteFrame","content":{"name":"bird0_1","texture":"c2ExdQNrNOz5U24IqLuuO4","rect":[106,426,36,26],"offset":[-1,-1],"originalSize":[48,48]}},{"__type__":"cc.SpriteFrame","content":{"name":"fx_downfog01","texture":"c2ExdQNrNOz5U24IqLuuO4","rect":[870,448,138,52],"offset":[-2,-8],"originalSize":[196,102]}},{"__type__":"cc.SpriteFrame","content":{"name":"sheep_touch_01","texture":"c2ExdQNrNOz5U24IqLuuO4","rect":[305,372,176,129],"offset":[-5,15],"originalSize":[228,159]}},{"__type__":"cc.SpriteFrame","content":{"name":"fx_hit01","texture":"c2ExdQNrNOz5U24IqLuuO4","rect":[903,156,91,86],"offset":[-8,-6],"originalSize":[215,186]}},{"__type__":"cc.SpriteFrame","content":{"name":"fx_downfog04","texture":"c2ExdQNrNOz5U24IqLuuO4","rect":[870,388,144,58],"offset":[1,10],"originalSize":[196,102]}},{"__type__":"cc.SpriteFrame","content":{"name":"fx_downfog05","texture":"c2ExdQNrNOz5U24IqLuuO4","rect":[1,454,146,48],"offset":[1,11],"originalSize":[196,102]}},{"__type__":"cc.SpriteFrame","content":{"name":"fx_hit03","texture":"c2ExdQNrNOz5U24IqLuuO4","rect":[106,210,165,186],"offset":[-4,0],"originalSize":[215,186]}}]