[{"__type__":"cc.SpriteFrame","content":{"name":"sheep_run_02","texture":"c2ExdQNrNOz5U24IqLuuO4","rect":[463,1,178,117],"offset":[1,2],"originalSize":[228,159],"rotated":1}},{"__type__":"cc.SpriteFrame","content":{"name":"sheep_run_03","texture":"c2ExdQNrNOz5U24IqLuuO4","rect":[344,1,180,117],"offset":[1,11],"originalSize":[228,159],"rotated":1}},{"__type__":"cc.SpriteFrame","content":{"name":"sheep_run_01","texture":"c2ExdQNrNOz5U24IqLuuO4","rect":[475,181,170,115],"offset":[-4,0],"originalSize":[228,159],"rotated":1}},{"__type__":"cc.AnimationClip","_name":"Run","_duration":0.4,"sample":10,"wrapMode":2,"curveData":{"comps":{"cc.Sprite":{"spriteFrame":[{"frame":0,"value":{"__uuid__":"26z6P1WZVIbYQbRW3zjdum"}},{"frame":0.1,"value":{"__uuid__":"04dI6MYAZGtI2aJz75yMSK"}},{"frame":0.2,"value":{"__uuid__":"23I4GHkldB5ajCs9Atqo1q"}},{"frame":0.3,"value":{"__uuid__":"a3yO363qlB9K8n39JLzx3A"}}]}}}},{"__type__":"cc.SpriteFrame","content":{"name":"sheep_run_04","texture":"c2ExdQNrNOz5U24IqLuuO4","rect":[358,183,180,115],"offset":[2,1],"originalSize":[228,159],"rotated":1}}]