[{"__type__":"cc.SpriteFrame","content":{"name":"sheep_jump_04","texture":"c2ExdQNrNOz5U24IqLuuO4","rect":[784,168,154,117],"offset":[-12,-2],"originalSize":[228,159],"rotated":1}},{"__type__":"cc.SpriteFrame","content":{"name":"sheep_jump_03","texture":"c2ExdQNrNOz5U24IqLuuO4","rect":[626,340,162,107],"offset":[-10,4],"originalSize":[228,159],"rotated":1}},{"__type__":"cc.SpriteFrame","content":{"name":"sheep_jump_05","texture":"c2ExdQNrNOz5U24IqLuuO4","rect":[483,353,150,141],"offset":[-12,-2],"originalSize":[228,159],"rotated":1}},{"__type__":"cc.AnimationClip","_name":"Drop","_duration":0.5,"sample":10,"curveData":{"comps":{"cc.Sprite":{"spriteFrame":[{"frame":0,"value":{"__uuid__":"982fvcBJJAlZ86Km7Hnavw"}},{"frame":0.2,"value":{"__uuid__":"27B/u7rhRJeKYAxawNGfJ2"}},{"frame":0.4,"value":{"__uuid__":"a9i08p1vxHP5Jn2EJMde38"}}]}}}}]