[[{"__type__":"cc.Prefab","_name":"dust","data":{"__id__":1},"asyncLoadAssets":null},{"__type__":"cc.Node","_name":"dust","_components":[{"__type__":"cc.Sprite","node":{"__id__":1},"_spriteFrame":{"__uuid__":"dcVRA8Z0ZD6rBgM3WFWT1n"},"_sizeMode":2,"_isTrimmedMode":false},{"__id__":2},{"__type__":"97ca5Hx+7VEy425oaf76L9U","node":{"__id__":1},"anim":{"__id__":2}}],"_prefab":{"__type__":"cc.PrefabInfo","root":{"__id__":1},"asset":{"__uuid__":"7dh7LtyUxJUasrEBib3Dcw"},"fileId":"2b091w5kBpDrp9U8mgt0S6r"},"_opacity":222,"_anchorPoint":{"__type__":"cc.Vec2","x":0.5,"y":0.2},"_contentSize":{"__type__":"cc.Size","width":196,"height":102},"_scaleX":-1},{"__type__":"cc.Animation","node":{"__id__":1},"_clips":[{"__uuid__":"949Fe7udlEAZpsn3X9Q+RZ"},{"__uuid__":"52rpaz6y1OkamWvgqVy+Cm"}]}],{"__type__":"cc.SpriteFrame","content":{"name":"fx_downfog01","texture":"c2ExdQNrNOz5U24IqLuuO4","rect":[870,448,138,52],"offset":[-2,-8],"originalSize":[196,102]}}]