[{"__type__":"cc.SpriteFrame","content":{"name":"fx_fog04","texture":"c2ExdQNrNOz5U24IqLuuO4","rect":[592,171,167,111],"offset":[-15,6],"originalSize":[341,161],"rotated":1}},{"__type__":"cc.SpriteFrame","content":{"name":"fx_fog02","texture":"c2ExdQNrNOz5U24IqLuuO4","rect":[1,229,223,103],"offset":[21,2],"originalSize":[341,161],"rotated":1}},{"__type__":"cc.SpriteFrame","content":{"name":"fx_fog06","texture":"c2ExdQNrNOz5U24IqLuuO4","rect":[273,187,183,83],"offset":[24,8],"originalSize":[341,161],"rotated":1}},{"__type__":"cc.AnimationClip","_name":"DustUp","_duration":0.5,"sample":12,"curveData":{"comps":{"cc.Sprite":{"spriteFrame":[{"frame":0,"value":{"__uuid__":"a5CK/8UGJKT40Jrf2L20Ps"}},{"frame":0.08333333333333333,"value":{"__uuid__":"3bAQEAn4tP8ZGLS6pTBQTr"}},{"frame":0.16666666666666666,"value":{"__uuid__":"bfaN8JS7ZH567+jp0TCP7x"}},{"frame":0.25,"value":{"__uuid__":"18NHeRP3RJ6qMSONAtTVed"}},{"frame":0.3333333333333333,"value":{"__uuid__":"58KHwHUrVCtJX2MJ443/a1"}},{"frame":0.4166666666666667,"value":{"__uuid__":"3fyP2fnApJV5VYPvqpqKES"}}]}}},"events":[{"frame":0.5,"func":"finish","params":[]}]},{"__type__":"cc.SpriteFrame","content":{"name":"fx_fog05","texture":"c2ExdQNrNOz5U24IqLuuO4","rect":[92,1,207,99],"offset":[-7,7],"originalSize":[341,161],"rotated":1}},{"__type__":"cc.SpriteFrame","content":{"name":"fx_fog01","texture":"c2ExdQNrNOz5U24IqLuuO4","rect":[705,168,157,77],"offset":[-11,-10],"originalSize":[341,161],"rotated":1}},{"__type__":"cc.SpriteFrame","content":{"name":"fx_fog03","texture":"c2ExdQNrNOz5U24IqLuuO4","rect":[691,1,165,99],"offset":[-17,-3],"originalSize":[341,161],"rotated":1}}]