[{"__type__":"cc.SpriteFrame","content":{"name":"sheep_run_01","texture":"c2ExdQNrNOz5U24IqLuuO4","rect":[475,181,170,115],"offset":[-4,0],"originalSize":[228,159],"rotated":1}},[{"__type__":"cc.SceneAsset","_name":"Game","scene":{"__id__":1},"asyncLoadAssets":null},{"__type__":"cc.Scene","_name":"New Node","_children":[{"__id__":2},{"__id__":28},{"__id__":29}],"_anchorPoint":{"__type__":"cc.Vec2"},"autoReleaseAssets":null},{"__type__":"cc.Node","_name":"Canvas","_parent":{"__id__":1},"_children":[{"__id__":3},{"__id__":6},{"__id__":10},{"__id__":11},{"__id__":15},{"__id__":18},{"__id__":21}],"_components":[{"__type__":"cc.Canvas","node":{"__id__":2},"_designResolution":{"__type__":"cc.Size","width":1000,"height":1366}}],"_id":"fa8401xBpxLU7VyVuxAxXAl","_contentSize":{"__type__":"cc.Size","width":1000,"height":1366},"_position":{"__type__":"cc.Vec2","x":500,"y":683}},{"__type__":"cc.Node","_name":"backgrounds","_parent":{"__id__":2},"_children":[{"__id__":4},{"__id__":5}],"_components":[{"__type__":"cc.Widget","node":{"__id__":3},"_alignFlags":45}],"_contentSize":{"__type__":"cc.Size","width":1000,"height":1366}},{"__type__":"cc.Node","_name":"bgBlue","_parent":{"__id__":3},"_components":[{"__type__":"cc.Sprite","node":{"__id__":4},"_spriteFrame":{"__uuid__":"a2MjXRFdtLlYQ5ouAFv/+R"},"_sizeMode":0},{"__type__":"cc.Widget","node":{"__id__":4},"_alignFlags":45,"_bottom":0.3,"_isAbsBottom":false,"_originalWidth":40,"_originalHeight":40}],"_color":{"__type__":"cc.Color","g":152,"b":206},"_contentSize":{"__type__":"cc.Size","width":1000,"height":956.2},"_position":{"__type__":"cc.Vec2","y":204.90000000000003}},{"__type__":"cc.Node","_name":"bgBrown","_parent":{"__id__":3},"_components":[{"__type__":"cc.Sprite","node":{"__id__":5},"_spriteFrame":{"__uuid__":"a2MjXRFdtLlYQ5ouAFv/+R"},"_sizeMode":0},{"__type__":"cc.Widget","node":{"__id__":5},"_alignFlags":45,"_top":0.7,"_isAbsTop":false,"_originalWidth":40,"_originalHeight":40}],"_color":{"__type__":"cc.Color","r":211,"g":183,"b":109},"_contentSize":{"__type__":"cc.Size","width":1000,"height":409.80000000000007},"_position":{"__type__":"cc.Vec2","y":-478.09999999999997}},{"__type__":"cc.Node","_name":"sky","_parent":{"__id__":2},"_children":[{"__id__":7},{"__id__":8},{"__id__":9}],"_components":[{"__type__":"cc.Sprite","node":{"__id__":6},"_spriteFrame":{"__uuid__":"fdS6wLN0VAcID9KFfdq9EO"},"_sizeMode":0},{"__type__":"b90489JvD1O1pgXMQXSKGr7","node":{"__id__":6},"speed":-200,"resetX":-1100}],"_contentSize":{"__type__":"cc.Size","width":1100,"height":504},"_position":{"__type__":"cc.Vec2","y":-97}},{"__type__":"cc.Node","_name":"sky 1","_parent":{"__id__":6},"_components":[{"__type__":"cc.Sprite","node":{"__id__":7},"_spriteFrame":{"__uuid__":"fdS6wLN0VAcID9KFfdq9EO"},"_sizeMode":0}],"_contentSize":{"__type__":"cc.Size","width":1100,"height":504},"_position":{"__type__":"cc.Vec2","x":1100}},{"__type__":"cc.Node","_name":"sky 2","_parent":{"__id__":6},"_components":[{"__type__":"cc.Sprite","node":{"__id__":8},"_spriteFrame":{"__uuid__":"fdS6wLN0VAcID9KFfdq9EO"},"_sizeMode":0}],"_contentSize":{"__type__":"cc.Size","width":1100,"height":504},"_position":{"__type__":"cc.Vec2","x":2200}},{"__type__":"cc.Node","_name":"sky -1","_parent":{"__id__":6},"_components":[{"__type__":"cc.Sprite","node":{"__id__":9},"_spriteFrame":{"__uuid__":"fdS6wLN0VAcID9KFfdq9EO"},"_sizeMode":0}],"_contentSize":{"__type__":"cc.Size","width":1100,"height":504},"_position":{"__type__":"cc.Vec2","x":-1100}},{"__type__":"cc.Node","_name":"pipeLayer","_parent":{"__id__":2}},{"__type__":"cc.Node","_name":"ground","_parent":{"__id__":2},"_children":[{"__id__":12},{"__id__":13},{"__id__":14}],"_components":[{"__type__":"cc.Sprite","node":{"__id__":11},"_spriteFrame":{"__uuid__":"6eRXskA6RCa7OZanCUS9jK"},"_type":1,"_sizeMode":0},{"__type__":"b90489JvD1O1pgXMQXSKGr7","node":{"__id__":11},"speed":-300,"resetX":-1100}],"_anchorPoint":{"__type__":"cc.Vec2","x":0.5,"y":1},"_contentSize":{"__type__":"cc.Size","width":1100,"height":652},"_position":{"__type__":"cc.Vec2","y":-347}},{"__type__":"cc.Node","_name":"ground 1","_parent":{"__id__":11},"_components":[{"__type__":"cc.Sprite","node":{"__id__":12},"_spriteFrame":{"__uuid__":"6eRXskA6RCa7OZanCUS9jK"},"_type":1,"_sizeMode":0}],"_anchorPoint":{"__type__":"cc.Vec2","x":0.5,"y":1},"_contentSize":{"__type__":"cc.Size","width":1100,"height":652},"_position":{"__type__":"cc.Vec2","x":1100}},{"__type__":"cc.Node","_name":"ground 2","_parent":{"__id__":11},"_components":[{"__type__":"cc.Sprite","node":{"__id__":13},"_spriteFrame":{"__uuid__":"6eRXskA6RCa7OZanCUS9jK"},"_type":1,"_sizeMode":0}],"_anchorPoint":{"__type__":"cc.Vec2","x":0.5,"y":1},"_contentSize":{"__type__":"cc.Size","width":1100,"height":652},"_position":{"__type__":"cc.Vec2","x":2200}},{"__type__":"cc.Node","_name":"ground -1","_parent":{"__id__":11},"_components":[{"__type__":"cc.Sprite","node":{"__id__":14},"_spriteFrame":{"__uuid__":"6eRXskA6RCa7OZanCUS9jK"},"_type":1,"_sizeMode":0}],"_anchorPoint":{"__type__":"cc.Vec2","x":0.5,"y":1},"_contentSize":{"__type__":"cc.Size","width":1100,"height":652},"_position":{"__type__":"cc.Vec2","x":-1100}},{"__type__":"cc.Node","_name":"sheep","_parent":{"__id__":2},"_children":[{"__id__":16}],"_components":[{"__id__":17},{"__type__":"cc.Sprite","node":{"__id__":15},"_spriteFrame":{"__uuid__":"26z6P1WZVIbYQbRW3zjdum"}},{"__type__":"cc.Animation","node":{"__id__":15},"_clips":[{"__uuid__":"46RfcBSkRLhqv6a5D4+VaF"},{"__uuid__":"6fALD3lX5B6bTs/Ur7DVfs"},{"__uuid__":"e53byocGhDYp6EU0YqKWM7"},{"__uuid__":"e0tiZ8aJRHaKM7aoqDTyCl"},{"__uuid__":"92+6FspiZFz5TActtQElBC"}]}],"_anchorPoint":{"__type__":"cc.Vec2","x":0.5},"_contentSize":{"__type__":"cc.Size","width":170,"height":115},"_scaleX":-0.5,"_scaleY":0.5,"_position":{"__type__":"cc.Vec2","x":-281,"y":-352}},{"__type__":"cc.Node","_name":"collider","_parent":{"__id__":15},"_components":[{"__type__":"cc.Widget","node":{"__id__":16},"isAlignOnce":false,"_alignFlags":2},{"__type__":"cc.CircleCollider","node":{"__id__":16},"_radius":43},{"__type__":"6cd7aG5qipG8Z9+eOwNmn3m","node":{"__id__":16},"realListener":{"__id__":17}}],"_position":{"__type__":"cc.Vec2","y":57.5},"groupIndex":1},{"__type__":"ff4b8pGzIRNxZt3wHXtOqB+","node":{"__id__":15},"maxY":620,"groundY":-352,"gravity":980,"initJumpSpeed":600,"jumpAudio":{"__uuid__":"17TXDhZyBERqbjx7AClN8G"},"dustPrefab":{"__uuid__":"7dh7LtyUxJUasrEBib3Dcw"}},{"__type__":"cc.Node","_name":"scoreIcon","_parent":{"__id__":2},"_children":[{"__id__":19}],"_components":[{"__type__":"cc.Sprite","node":{"__id__":18},"_spriteFrame":{"__uuid__":"a8K9SZvdBKUrZaAuXcVNRi"}},{"__type__":"cc.Widget","node":{"__id__":18},"_alignFlags":9,"_left":62,"_top":71}],"_contentSize":{"__type__":"cc.Size","width":34,"height":24},"_scaleX":2,"_scaleY":2,"_position":{"__type__":"cc.Vec2","x":-404,"y":588}},{"__type__":"cc.Node","_name":"score","_parent":{"__id__":18},"_components":[{"__id__":20}],"_anchorPoint":{"__type__":"cc.Vec2","y":0.5},"_contentSize":{"__type__":"cc.Size","width":68.8,"height":32},"_position":{"__type__":"cc.Vec2","x":25,"y":13}},{"__type__":"cc.Label","node":{"__id__":19},"_useOriginalSize":false,"_N$file":{"__uuid__":"d24GY9KUZMqYjlBirwJNmp"},"_isSystemFontUsed":false,"_N$horizontalAlign":1,"_N$verticalAlign":1},{"__type__":"cc.Node","_name":"gameOver","_parent":{"__id__":2},"_children":[{"__id__":22},{"__id__":24},{"__id__":25},{"__id__":26}],"_active":false,"_components":[{"__type__":"cc.Sprite","node":{"__id__":21},"_spriteFrame":{"__uuid__":"b3bOeSeUdNDYK7dgCMRMui"}},{"__type__":"42ba7gAyfpGZqXEsckB6M2a","node":{"__id__":21},"btn_play":{"__id__":23},"score":{"__id__":27}}],"_contentSize":{"__type__":"cc.Size","width":505,"height":361}},{"__type__":"cc.Node","_name":"button_play","_parent":{"__id__":21},"_components":[{"__type__":"cc.Sprite","node":{"__id__":22},"_spriteFrame":{"__uuid__":"5an1znzxRERZocANXHZ8CF"}},{"__id__":23}],"_color":{"__type__":"cc.Color","r":255,"g":251,"b":251},"_contentSize":{"__type__":"cc.Size","width":154,"height":83},"_position":{"__type__":"cc.Vec2","y":-107}},{"__type__":"cc.Button","node":{"__id__":22},"transition":1,"pressedColor":{"__type__":"cc.Color","r":195,"g":193,"b":193},"hoverColor":{"__type__":"cc.Color","r":175,"g":175,"b":175},"clickEvents":[{"__type__":"cc.ClickEvent","target":{"__id__":21},"component":"GameOverMenu","handler":"restart"}],"_N$normalColor":{"__type__":"cc.Color","r":255,"g":251,"b":251},"_N$target":{"__id__":22}},{"__type__":"cc.Node","_name":"gameover","_parent":{"__id__":21},"_components":[{"__type__":"cc.Label","node":{"__id__":24},"_useOriginalSize":false,"_fontSize":80,"_lineHeight":80,"_N$file":{"__uuid__":"d24GY9KUZMqYjlBirwJNmp"},"_isSystemFontUsed":false,"_N$string":"Game Over","_N$horizontalAlign":1,"_N$verticalAlign":1}],"_color":{"__type__":"cc.Color","r":218,"g":69,"b":37},"_contentSize":{"__type__":"cc.Size","width":286.3999999999999,"height":128},"_position":{"__type__":"cc.Vec2","y":84}},{"__type__":"cc.Node","_name":"scoreTitle","_parent":{"__id__":21},"_components":[{"__type__":"cc.Label","node":{"__id__":25},"_useOriginalSize":false,"_fontSize":60,"_lineHeight":60,"_N$file":{"__uuid__":"d24GY9KUZMqYjlBirwJNmp"},"_isSystemFontUsed":false,"_N$string":"score","_N$horizontalAlign":1,"_N$verticalAlign":1}],"_anchorPoint":{"__type__":"cc.Vec2","x":1,"y":0.5},"_contentSize":{"__type__":"cc.Size","width":110.39999999999999,"height":72},"_position":{"__type__":"cc.Vec2","x":-7,"y":-16}},{"__type__":"cc.Node","_name":"score","_parent":{"__id__":21},"_components":[{"__id__":27}],"_color":{"__type__":"cc.Color","r":243,"g":195,"b":25},"_anchorPoint":{"__type__":"cc.Vec2","y":0.5},"_contentSize":{"__type__":"cc.Size","width":72,"height":72},"_position":{"__type__":"cc.Vec2","x":5,"y":-16}},{"__type__":"cc.Label","node":{"__id__":26},"_useOriginalSize":false,"_fontSize":60,"_lineHeight":60,"_N$file":{"__uuid__":"d24GY9KUZMqYjlBirwJNmp"},"_isSystemFontUsed":false,"_N$string":"999","_N$horizontalAlign":1,"_N$verticalAlign":1},{"__type__":"cc.Node","_name":"Game","_parent":{"__id__":1},"_components":[{"__type__":"327f03mWlNHJqsi+VEpOBXC","node":{"__id__":28},"sheep":{"__id__":17},"gameOverMenu":{"__id__":21},"scoreText":{"__id__":20},"gameBgAudio":{"__uuid__":"416jyNrSdC7qYuK6osOjtD"},"dieAudio":{"__uuid__":"2bCwHeDA1EbLHe2zIGeMyp"},"gameOverAudio":{"__uuid__":"38+BgdjU1Ao7nVu5foFjtf"},"scoreAudio":{"__uuid__":"45nJe6dH1MA7YyTeWHhChC"}},{"__type__":"ded04ocxo1Pcopg6kafVPGn","node":{"__id__":28},"pipePrefab":{"__uuid__":"1aEhOzLiBBCLrjurK7pYt7"},"pipeLayer":{"__id__":10},"initPipeX":700,"spawnInterval":1.8}],"_id":"3d829AraCVE2o939Ez4Z6O+"},{"__type__":"cc.Node","_name":"number2","_parent":{"__id__":1},"_active":false,"_components":[{"__type__":"cc.Sprite","node":{"__id__":29},"_spriteFrame":{"__uuid__":"70ra1/i1REA6mUyXijS80i"}}],"_id":"568ab1WKk1Hv7uMotie543e","_contentSize":{"__type__":"cc.Size","width":44,"height":36}}],{"__type__":"cc.SpriteFrame","content":{"name":"button_play","texture":"e5BOCI0GZBX72pZwMvhnxv","rect":[6,3,104,58],"offset":[0,3],"originalSize":[116,70]}},{"__type__":"cc.SpriteFrame","content":{"name":"ground","texture":"31p3NPfGhHfr8dG/Wsj6eD","rect":[0,0,864,95],"offset":[0,0],"originalSize":[864,95],"capInsets":[0,48,0,17]}},{"__type__":"cc.SpriteFrame","content":{"name":"number2","texture":"cdsDwqA9dLoo8LmAkVUp2H","rect":[1,4,44,36],"offset":[-27,3],"originalSize":[100,50]}},{"__type__":"cc.SpriteFrame","content":{"name":"default_sprite_splash","texture":"02delMVqdBD70a/HSD99FK","rect":[0,0,2,2],"offset":[0,0],"originalSize":[2,2]}},{"__type__":"cc.SpriteFrame","content":{"name":"bird2_0","texture":"07MNQ7HQZOMp8AEkEp26uL","rect":[6,12,34,24],"offset":[-1,0],"originalSize":[48,48]}},{"__type__":"cc.SpriteFrame","content":{"name":"gameoverbg","texture":"84Zz+rCBxGs7JES9cNF3rH","rect":[0,0,505,361],"offset":[0,0],"originalSize":[505,361]}},{"__type__":"cc.SpriteFrame","content":{"name":"bg","texture":"adimpnoLVM/YePXvWbAjSp","rect":[0,0,900,504],"offset":[0,0],"originalSize":[900,504]}}]