[[{"__type__":"cc.Prefab","_name":"PipeGroup","data":{"__id__":1},"asyncLoadAssets":null},{"__type__":"cc.Node","_name":"PipeGroup","_children":[{"__id__":2},{"__id__":3}],"_components":[{"__type__":"5026dczn8lKZpq2Z+LGadpZ","node":{"__id__":1},"speed":-300,"botYRange":{"__type__":"cc.Vec2","x":-270,"y":-50},"spacingRange":{"__type__":"cc.Vec2","x":200,"y":375},"topPipe":{"__id__":2},"botPipe":{"__id__":3}},{"__type__":"cc.BoxCollider","node":{"__id__":1},"_offset":{"__type__":"cc.Vec2","x":150},"_size":{"__type__":"cc.Size","width":100,"height":2048}}],"_prefab":{"__type__":"cc.PrefabInfo","root":{"__id__":1},"asset":{"__uuid__":"1aEhOzLiBBCLrjurK7pYt7"},"fileId":"2e9a37HnHxITq2Knu/BBdk9"},"groupIndex":2},{"__type__":"cc.Node","_name":"pipeTop","_parent":{"__id__":1},"_components":[{"__type__":"cc.Sprite","node":{"__id__":2},"_spriteFrame":{"__uuid__":"4bKT/EwBRPGL2j1kCTAyMz"}},{"__type__":"cc.BoxCollider","node":{"__id__":2},"_offset":{"__type__":"cc.Vec2","y":512},"_size":{"__type__":"cc.Size","width":150,"height":1024}}],"_prefab":{"__type__":"cc.PrefabInfo","root":{"__id__":1},"asset":{"__uuid__":"1aEhOzLiBBCLrjurK7pYt7"},"fileId":"47fd1UbBclJk4yLqeJlVYEn"},"_anchorPoint":{"__type__":"cc.Vec2","x":0.5},"_contentSize":{"__type__":"cc.Size","width":148,"height":1024}},{"__type__":"cc.Node","_name":"pipeBottom","_parent":{"__id__":1},"_components":[{"__type__":"cc.Sprite","node":{"__id__":3},"_spriteFrame":{"__uuid__":"4bKT/EwBRPGL2j1kCTAyMz"}},{"__type__":"cc.BoxCollider","node":{"__id__":3},"_offset":{"__type__":"cc.Vec2","y":512},"_size":{"__type__":"cc.Size","width":150,"height":1024}}],"_prefab":{"__type__":"cc.PrefabInfo","root":{"__id__":1},"asset":{"__uuid__":"1aEhOzLiBBCLrjurK7pYt7"},"fileId":"7d2514AZ3REy4XsThxMmuyb"},"_anchorPoint":{"__type__":"cc.Vec2","x":0.5},"_contentSize":{"__type__":"cc.Size","width":148,"height":1024},"_scaleY":-1}],{"__type__":"cc.SpriteFrame","content":{"name":"pipe","texture":"b8JPC+Qi5FNa377HrVtosv","rect":[0,0,148,1024],"offset":[0,0],"originalSize":[148,1024]}}]