[{"__type__":"cc.SpriteFrame","content":{"name":"sheep_down_03","texture":"c2ExdQNrNOz5U24IqLuuO4","rect":[582,1,168,107],"offset":[-7,-3],"originalSize":[228,159],"rotated":1}},{"__type__":"cc.SpriteFrame","content":{"name":"sheep_down_01","texture":"c2ExdQNrNOz5U24IqLuuO4","rect":[1,1,226,89],"offset":[0,-25],"originalSize":[228,159],"rotated":1}},{"__type__":"cc.SpriteFrame","content":{"name":"sheep_down_02","texture":"c2ExdQNrNOz5U24IqLuuO4","rect":[149,398,154,105],"offset":[-6,-8],"originalSize":[228,159]}},{"__type__":"cc.AnimationClip","_name":"DropEnd","_duration":0.4,"sample":10,"curveData":{"comps":{"cc.Sprite":{"spriteFrame":[{"frame":0,"value":{"__uuid__":"58jMKqkqtEVJ/5fFc4mYbb"}},{"frame":0.2,"value":{"__uuid__":"8dOSzdjCVKMrrd6JtfNcPU"}},{"frame":0.3,"value":{"__uuid__":"34c06QXe1Hhr1Sx6E6+uL4"}}]}}},"events":[{"frame":0.3,"func":"onDropFinished","params":[]}]}]