[{"__type__":"cc.AnimationClip","_name":"DustDown","_duration":0.38461538461538464,"sample":13,"curveData":{"comps":{"cc.Sprite":{"spriteFrame":[{"frame":0,"value":{"__uuid__":"dcVRA8Z0ZD6rBgM3WFWT1n"}},{"frame":0.07692307692307693,"value":{"__uuid__":"caymCOKPZI7Y5FZp8wc4uA"}},{"frame":0.15384615384615385,"value":{"__uuid__":"a0y2V/53RJH60NBOzJScW5"}},{"frame":0.23076923076923078,"value":{"__uuid__":"f7a6ZztXRAhIW8cDhznlKx"}},{"frame":0.3076923076923077,"value":{"__uuid__":"fcWlWNCmRCxoxRCLFqWWuK"}}]}}},"events":[{"frame":0.38461538461538464,"func":"finish","params":[]}]},{"__type__":"cc.SpriteFrame","content":{"name":"fx_downfog03","texture":"c2ExdQNrNOz5U24IqLuuO4","rect":[792,1,150,58],"offset":[-1,3],"originalSize":[196,102],"rotated":1}},{"__type__":"cc.SpriteFrame","content":{"name":"fx_downfog02","texture":"c2ExdQNrNOz5U24IqLuuO4","rect":[870,324,144,62],"offset":[-2,-1],"originalSize":[196,102]}},{"__type__":"cc.SpriteFrame","content":{"name":"fx_downfog01","texture":"c2ExdQNrNOz5U24IqLuuO4","rect":[870,448,138,52],"offset":[-2,-8],"originalSize":[196,102]}},{"__type__":"cc.SpriteFrame","content":{"name":"fx_downfog04","texture":"c2ExdQNrNOz5U24IqLuuO4","rect":[870,388,144,58],"offset":[1,10],"originalSize":[196,102]}},{"__type__":"cc.SpriteFrame","content":{"name":"fx_downfog05","texture":"c2ExdQNrNOz5U24IqLuuO4","rect":[1,454,146,48],"offset":[1,11],"originalSize":[196,102]}}]